{"cameraMode":{"drawMode":0,"name":"Shaded","section":"Shading Mode"},"sceneLighting":true,"audioPlay":false,"sceneViewState":{"m_AlwaysRefresh":false,"showFog":true,"showSkybox":true,"showFlares":true,"showImageEffects":true,"showParticleSystems":true,"showVisualEffectGraphs":true,"m_FxEnabled":true},"in2DMode":false,"pivot":{"x":1.3754147291183472,"y":1.890268325805664,"z":0.727440357208252},"rotation":{"x":0.7521700859069824,"y":0.005930311977863312,"z":-0.006769688334316015,"w":0.6589032411575317},"size":4.078397750854492,"orthographic":false}